chrom1,start1,end1,chrom2,start2,end2,sv_id,pe_support,strand1,strand2,svclass,svmethod,donor_id
1,13998865,13998866,1,15380661,15380662,SVMERGE109,49,-,-,t2tINV,SNOWMAN_BRASS_dRANGER_DELLY,CGP_donor_1347756
1,164677086,164677087,1,164737068,164737069,SVMERGE61,50,+,-,DEL,SNOWMAN_BRASS_dRANGER_DELLY,CGP_donor_1347756
10,47144724,47144725,10,73991881,73991882,SVMERGE96,82,+,+,h2hINV,SNOWMAN_BRASS_DELLY,CGP_donor_1347756
10,66055811,66055812,10,114431238,114431239,SVMERGE31,60,+,+,h2hINV,SNOWMAN_BRASS_dRANGER_DELLY,CGP_donor_1347756
10,66056794,66056795,10,82192003,82192004,SVMERGE97,62,-,-,t2tINV,SNOWMAN_BRASS_dRANGER_DELLY,CGP_donor_1347756
10,66072413,66072414,10,66487047,66487048,SVMERGE30,15,+,+,h2hINV,BRASS_dRANGER,CGP_donor_1347756
10,66404629,66404630,10,114336781,114336782,SVMERGE32,49,-,+,DUP,SNOWMAN_BRASS_dRANGER_DELLY,CGP_donor_1347756
10,66487135,66487136,10,114366307,114366308,SVMERGE10,46,-,-,t2tINV,SNOWMAN_BRASS_dRANGER_DELLY,CGP_donor_1347756
10,71828189,71828190,10,74492948,74492949,SVMERGE27,57,+,+,h2hINV,SNOWMAN_BRASS_dRANGER_DELLY,CGP_donor_1347756
10,72235744,72235745,10,114355160,114355161,SVMERGE8,20,-,-,t2tINV,SNOWMAN_BRASS_dRANGER,CGP_donor_1347756
10,72306948,72306949,10,75261741,75261742,SVMERGE90,49,-,-,t2tINV,SNOWMAN_BRASS_dRANGER_DELLY,CGP_donor_1347756
10,73016663,73016664,10,74435447,74435448,SVMERGE28,32,+,+,h2hINV,SNOWMAN_BRASS,CGP_donor_1347756
10,73445139,73445140,10,74437940,74437941,SVMERGE35,105,-,-,t2tINV,SNOWMAN_BRASS_dRANGER_DELLY,CGP_donor_1347756
10,73991892,73991893,10,75253195,75253196,SVMERGE34,56,-,-,t2tINV,SNOWMAN_BRASS_DELLY,CGP_donor_1347756
10,74609121,74609122,10,113992550,113992551,SVMERGE23,44,-,-,t2tINV,SNOWMAN_BRASS_dRANGER_DELLY,CGP_donor_1347756
10,74884651,74884652,10,75261747,75261748,SVMERGE110,50,+,+,h2hINV,SNOWMAN_BRASS_DELLY,CGP_donor_1347756
10,79323429,79323430,10,119300297,119300298,SVMERGE7,43,-,-,t2tINV,SNOWMAN_BRASS_dRANGER_DELLY,CGP_donor_1347756
10,79377434,79377435,10,79551179,79551180,SVMERGE59,62,+,+,h2hINV,SNOWMAN_BRASS_dRANGER_DELLY,CGP_donor_1347756
10,79512009,79512010,10,119963018,119963019,SVMERGE106,32,-,-,t2tINV,SNOWMAN_BRASS_dRANGER_DELLY,CGP_donor_1347756
10,79532141,79532142,10,120191187,120191188,SVMERGE5,61,-,+,DUP,SNOWMAN_BRASS_dRANGER_DELLY,CGP_donor_1347756
10,79550906,79550907,10,120650613,120650614,SVMERGE101,64,-,-,t2tINV,SNOWMAN_BRASS_dRANGER_DELLY,CGP_donor_1347756
10,83058229,83058230,10,114263084,114263085,SVMERGE64,56,+,+,h2hINV,SNOWMAN_BRASS_dRANGER_DELLY,CGP_donor_1347756
10,114326218,114326219,10,114366231,114366232,SVMERGE16,12,-,+,DUP,BRASS_dRANGER_DELLY,CGP_donor_1347756
10,114335640,114335641,10,114366234,114366235,SVMERGE54,21,-,+,DUP,SNOWMAN_BRASS_dRANGER_DELLY,CGP_donor_1347756
10,124654901,124654902,10,124658463,124658464,SVMERGE37,120,+,-,DEL,SNOWMAN_BRASS_dRANGER_DELLY,CGP_donor_1347756
10,125010075,125010076,10,125010856,125010857,SVMERGE38,43,-,-,t2tINV,SNOWMAN_BRASS,CGP_donor_1347756
11,9716075,9716076,11,10044103,10044104,SVMERGE62,27,+,-,DEL,SNOWMAN_BRASS_dRANGER_DELLY,CGP_donor_1347756
13,72316685,72316686,13,73246808,73246809,SVMERGE19,61,+,-,DEL,SNOWMAN_BRASS_dRANGER_DELLY,CGP_donor_1347756
13,72332094,72332095,13,73196721,73196722,SVMERGE114,36,-,-,t2tINV,SNOWMAN_BRASS_dRANGER_DELLY,CGP_donor_1347756
15,24643289,24643290,15,24816156,24816157,SVMERGE102,18,-,+,DUP,SNOWMAN_DELLY,CGP_donor_1347756
17,19928172,19928173,17,20495689,20495690,SVMERGE51,52,-,+,DUP,SNOWMAN_BRASS_dRANGER,CGP_donor_1347756
2,18030650,18030651,2,65100974,65100975,SVMERGE58,56,-,+,DUP,SNOWMAN_BRASS_dRANGER_DELLY,CGP_donor_1347756
2,18328845,18328846,2,18331676,18331677,SVMERGE79,40,-,-,t2tINV,SNOWMAN_BRASS_dRANGER_DELLY,CGP_donor_1347756
2,53017219,53017220,2,114196208,114196209,SVMERGE77,27,+,+,h2hINV,BRASS_dRANGER,CGP_donor_1347756
2,53038471,53038472,2,109437214,109437215,SVMERGE1,41,-,+,DUP,SNOWMAN_BRASS_DELLY,CGP_donor_1347756
2,53101758,53101759,2,114190106,114190107,SVMERGE68,19,+,-,DEL,BRASS_dRANGER,CGP_donor_1347756
2,109419794,109419795,2,113815509,113815510,SVMERGE83,50,+,+,h2hINV,SNOWMAN_BRASS_dRANGER_DELLY,CGP_donor_1347756
2,109893091,109893092,2,144747581,144747582,SVMERGE98,50,-,-,t2tINV,SNOWMAN_BRASS_dRANGER_DELLY,CGP_donor_1347756
3,111697816,111697817,3,175315808,175315809,SVMERGE14,91,-,-,t2tINV,SNOWMAN_BRASS_dRANGER_DELLY,CGP_donor_1347756
5,121858765,121858766,5,145254025,145254026,SVMERGE24,50,+,+,h2hINV,SNOWMAN_BRASS_dRANGER_DELLY,CGP_donor_1347756
5,137886691,137886692,5,138933446,138933447,SVMERGE73,71,-,-,t2tINV,SNOWMAN_BRASS_dRANGER_DELLY,CGP_donor_1347756
5,137892943,137892944,5,145262174,145262175,SVMERGE72,44,+,+,h2hINV,BRASS_dRANGER,CGP_donor_1347756
5,140386896,140386897,5,145258006,145258007,SVMERGE81,27,-,-,t2tINV,BRASS_DELLY,CGP_donor_1347756
6,69435710,69435711,6,72735751,72735752,SVMERGE48,51,+,+,h2hINV,SNOWMAN_BRASS_dRANGER_DELLY,CGP_donor_1347756
6,72734774,72734775,6,72762166,72762167,SVMERGE45,51,-,+,DUP,SNOWMAN_BRASS_dRANGER_DELLY,CGP_donor_1347756
6,72740008,72740009,6,72756812,72756813,SVMERGE49,58,-,-,t2tINV,SNOWMAN_BRASS_dRANGER_DELLY,CGP_donor_1347756
6,99814201,99814202,6,134751916,134751917,SVMERGE29,70,-,+,DUP,SNOWMAN_BRASS_dRANGER_DELLY,CGP_donor_1347756
6,99974282,99974283,6,138292997,138292998,SVMERGE13,57,+,+,h2hINV,SNOWMAN_BRASS_dRANGER_DELLY,CGP_donor_1347756
6,100007218,100007219,6,149683676,149683677,SVMERGE39,55,-,+,DUP,SNOWMAN_BRASS_dRANGER_DELLY,CGP_donor_1347756
8,11620647,11620648,8,63964843,63964844,SVMERGE18,56,+,+,h2hINV,SNOWMAN_BRASS_dRANGER_DELLY,CGP_donor_1347756
8,18776401,18776402,8,82812730,82812731,SVMERGE11,44,+,+,h2hINV,SNOWMAN_BRASS_DELLY,CGP_donor_1347756
8,18778667,18778668,8,85275410,85275411,SVMERGE93,57,-,-,t2tINV,SNOWMAN_BRASS_dRANGER_DELLY,CGP_donor_1347756
8,25296315,25296316,8,82808769,82808770,SVMERGE43,39,-,-,t2tINV,SNOWMAN_BRASS_dRANGER_DELLY,CGP_donor_1347756
8,84998883,84998884,8,85317946,85317947,SVMERGE95,28,+,-,DEL,SNOWMAN_BRASS_DELLY,CGP_donor_1347756
8,116120054,116120055,8,117600611,117600612,SVMERGE53,50,+,+,h2hINV,SNOWMAN_BRASS_dRANGER_DELLY,CGP_donor_1347756
8,116120108,116120109,8,117601461,117601462,SVMERGE63,32,-,-,t2tINV,SNOWMAN_BRASS_dRANGER_DELLY,CGP_donor_1347756
